{"cameraMode":{"drawMode":0,"name":"Shaded","section":"Shading Mode"},"sceneLighting":true,"audioPlay":false,"sceneViewState":{"showFog":true,"showMaterialUpdate":false,"showSkybox":true,"showFlares":true,"showImageEffects":true,"showParticleSystems":true},"in2DMode":false,"pivot":{"x":1.9200220108032227,"y":1.8166999816894532,"z":6.1981730461120609},"rotation":{"x":-0.208020880818367,"y":-0.08325579017400742,"z":0.017693979665637018,"w":-0.9744564890861511},"size":25.0548152923584,"orthographic":false}