{"cameraMode":{"drawMode":0,"name":"Shaded","section":"Shading Mode"},"sceneLighting":true,"audioPlay":false,"sceneViewState":{"showFog":true,"showMaterialUpdate":false,"showSkybox":true,"showFlares":true,"showImageEffects":true,"showParticleSystems":true},"in2DMode":false,"pivot":{"x":-23.41988754272461,"y":21.58319091796875,"z":124.65970611572266},"rotation":{"x":-0.11855632066726685,"y":-0.3025941252708435,"z":0.03796369209885597,"w":-0.9449568390846252},"size":24.117137908935548,"orthographic":false}